duration_factor,avg_duration,q2_assigned,q2_avg_dist,q2_util,compatible_edges,time
0.5,0.8784,346,7.8856177715018,115.33333333333333,1545,1.2329027652740479
0.75,1.3175999999999999,283,8.65097557631249,94.33333333333334,1085,0.9759469032287598
1.0,1.7568,220,9.264424618057504,73.33333333333333,776,0.7179877758026123
1.25,2.196,161,8.76736930181152,53.666666666666664,506,0.47435879707336426
1.5,2.6351999999999998,126,8.395463912499514,42.0,353,0.36945199966430664
