multiplier,q1_assigned,q1_avg_dist,q1_util,q2_assigned,q2_avg_dist,q2_util,q1_time,q2_time
0.5,300,2.943253148812484,100.0,123,5.401421007294896,41.0,0.9102795124053955,0.33191418647766113
0.75,300,2.8362402565113376,100.0,173,6.984284705194703,57.666666666666664,2.757615089416504,0.5143582820892334
1.0,300,2.8205399567865337,100.0,220,9.264424618057504,73.33333333333333,6.282541036605835,0.7907619476318359
1.25,300,2.8121872985812195,100.0,241,10.173429244248368,80.33333333333333,12.532963991165161,1.8697350025177002
1.5,300,2.808510109997128,100.0,266,11.602540365731898,88.66666666666667,16.51652216911316,2.9509806632995605
2.0,300,2.808510109997128,100.0,300,14.289237753695762,100.0,36.296560764312744,19.090045928955078
