multiplier,q1_assigned,q1_avg_dist,q1_util,q2_assigned,q2_avg_dist,q2_util,q1_time,q2_time
0.5,300,2.943253148812484,100.0,123,5.401421007294896,41.0,0.9246218204498291,0.26442408561706543
0.75,300,2.8362402565113376,100.0,173,6.984284705194703,57.666666666666664,2.574746608734131,0.42162489891052246
1.0,300,2.8205399567865337,100.0,220,9.264424618057504,73.33333333333333,5.725237846374512,0.7160773277282715
1.25,300,2.8121872985812195,100.0,241,10.173429244248368,80.33333333333333,10.932373285293579,1.8136065006256104
1.5,300,2.808510109997128,100.0,266,11.602540365731898,88.66666666666667,14.299588441848755,2.917374610900879
2.0,300,2.808510109997128,100.0,300,14.289237753695762,100.0,30.819855451583862,17.848784923553467
